fecha,cliente,medio,titular,texto,alcance
2026-05-26,Nortia Retail,El Pais,Nortia Retail presenta su plan de omnicanalidad,La compania Nortia Retail ha comunicado avances en omnicanalidad.,84018
2026-06-02,Lumora,Business Insider Espana,Lumora apuesta por baterias,La compania Lumora ha comunicado avances en baterias.,20304
2026-05-10,Nortia Retail,Cinco Dias,Nortia Retail gana cuota en omnicanalidad,Nortia Retail destaca por su enfoque en omnicanalidad e inteligencia artificial.,45500
2026-06-12,Lumora,Expansion,Lumora y la inteligencia artificial en vehiculo electrico,Fuentes cercanas a Lumora confirman movimientos en vehiculo electrico.,63297
2026-07-12,Nortia Retail,El Confidencial,Nortia Retail crece en comercio electronico,Nortia Retail destaca por su enfoque en comercio electronico e inteligencia artificial.,68963
2026-06-09,Lumora,Xataka,Lumora gana cuota en baterias,La compania Lumora ha comunicado avances en baterias.,59579
2026-05-08,Nortia Retail,El Pais,"Entrevista al CEO de Nortia Retail: ""campana de rebajas es el futuro""",Nortia Retail destaca por su enfoque en campana de rebajas e inteligencia artificial.,126534
2026-05-07,Lumora,Europa Press,Lumora refuerza su estrategia de vehiculo electrico,La compania Lumora ha comunicado avances en vehiculo electrico.,64983
2026-05-25,Velfy,Xataka,Velfy refuerza su compromiso con la sostenibilidad,Velfy destaca por su enfoque en criptoactivos e inteligencia artificial.,52056
2026-05-18,Lumora,Xataka,Analisis: el futuro de puntos de recarga segun Lumora,Lumora destaca por su enfoque en puntos de recarga e inteligencia artificial.,84170
2026-06-04,Velfy,Europa Press,Velfy refuerza su estrategia de pagos digitales,Fuentes cercanas a Velfy confirman movimientos en pagos digitales.,78358
2026-06-10,Brio Energia,La Razon,Brio Energia refuerza su estrategia de parque solar,"El reportaje analiza la posicion de Brio Energia en parque solar, con datos del ultimo trimestre.",25662
2026-07-07,Nortia Retail,El Pais,Nortia Retail y la inteligencia artificial en logistica de ultima milla,"El reportaje analiza la posicion de Nortia Retail en logistica de ultima milla, con datos del ultimo trimestre.",91034
2026-05-14,Nortia Retail,Xataka,Nortia Retail presenta su plan de campana de rebajas,Fuentes cercanas a Nortia Retail confirman movimientos en campana de rebajas.,35834
2026-06-08,Brio Energia,El Espanol,Brio Energia refuerza su compromiso con la sostenibilidad,La compania Brio Energia ha comunicado avances en hidrogeno verde.,97319
2026-05-28,Lumora,La Razon,Lumora y la inteligencia artificial en vehiculo electrico,Fuentes cercanas a Lumora confirman movimientos en vehiculo electrico.,34946
2026-07-03,Nortia Retail,El Pais,Nortia Retail gana cuota en comercio electronico,"Segun el articulo, Nortia Retail continua su expansion en comercio electronico.",145943
2026-07-05,Lumora,El Economista,"Lumora crece en flotas, segun fuentes del sector",Fuentes cercanas a Lumora confirman movimientos en flotas.,53542
2026-07-02,Lumora,El Mundo,Lumora y la analitica de flotas,Reportaje sobre flotas y datos de Lumora.,110000
14/07/2026,Nortia Retail,El Economista,Nortia Retail gana cuota en tiendas fisicas,"El reportaje analiza la posicion de Nortia Retail en tiendas fisicas, con datos del ultimo trimestre.",55000
2026-06-07,Velfy,El Pais,Analisis: el futuro de app de finanzas segun Velfy,La compania Velfy ha comunicado avances en app de finanzas.,74950
2026-06-08,Nortia Retail,El Economista,Nortia Retail lidera tiendas fisicas,La compania Nortia Retail ha comunicado avances en tiendas fisicas.,45090
2026-06-13,Brio Energia,Expansion,Brio Energia invierte en parque solar,Fuentes cercanas a Brio Energia confirman movimientos en parque solar.,59042
2026-05-18,Nortia Retail,Business Insider Espana,Nortia Retail gana cuota en logistica de ultima milla,"Segun el articulo, Nortia Retail continua su expansion en logistica de ultima milla.",28092
2026-07-03,Lumora,Cinco Dias,Lumora y la inteligencia artificial en vehiculo electrico,Lumora destaca por su enfoque en vehiculo electrico e inteligencia artificial.,60461
2026-05-16,Velfy,La Vanguardia,Velfy invierte en app de finanzas,"Segun el articulo, Velfy continua su expansion en app de finanzas.",41744
5 de junio de 2026,Lumora,ABC,Lumora presenta su plan de puntos de recarga,"El reportaje analiza la posicion de Lumora en puntos de recarga, con datos del ultimo trimestre.",90000
2026-05-07,Velfy,ABC,Velfy cierra un acuerdo en criptoactivos,"El reportaje analiza la posicion de Velfy en criptoactivos, con datos del ultimo trimestre.",
2026-05-15,Nortia Retail,El Confidencial,Nortia Retail anuncia novedades en omnicanalidad,"Segun el articulo, Nortia Retail continua su expansion en omnicanalidad.",70443
2026-07-27,Brio Energia,Business Insider Espana,Brio Energia cierra un acuerdo en autoconsumo,La compania Brio Energia ha comunicado avances en autoconsumo.,32775
2026-05-12,Brio Energia,Xataka,Brio Energia invierte en hidrogeno verde,Fuentes cercanas a Brio Energia confirman movimientos en hidrogeno verde.,54238
2026-07-13,Lumora,La Razon,"Entrevista al CEO de Lumora: ""baterias es el futuro""",Fuentes cercanas a Lumora confirman movimientos en baterias.,21553
2026-07-24,Velfy,El Pais,Velfy cierra un acuerdo en criptoactivos,"El reportaje analiza la posicion de Velfy en criptoactivos, con datos del ultimo trimestre.",60371
2026-06-22,Brio Energia,Europa Press,Brio Energia refuerza su compromiso con la sostenibilidad,"Segun el articulo, Brio Energia continua su expansion en hidrogeno verde.",90714
2026-06-17,Brio Energia,El Mundo,Brio Energia presenta su plan de hidrogeno verde,Brio Energia destaca por su enfoque en hidrogeno verde e inteligencia artificial.,130370
2026-07-07,Brio Energia,Europa Press,Brio Energia invierte en energia renovable,La compania Brio Energia ha comunicado avances en energia renovable.,78806
23/07/2026,Nortia Retail,La Razon,Nortia Retail apuesta por comercio electronico,Fuentes cercanas a Nortia Retail confirman movimientos en comercio electronico.,40000
2026-05-07,Velfy,Xataka,Velfy crece en criptoactivos,La compania Velfy ha comunicado avances en criptoactivos.,75377
2026-06-21,Nortia Retail,Forbes Espana,Nortia Retail invierte en campana de rebajas,"El reportaje analiza la posicion de Nortia Retail en campana de rebajas, con datos del ultimo trimestre.",28975
2026-05-13,Nortia Retail,Cinco Dias,Nortia Retail apuesta por campana de rebajas,"El reportaje analiza la posicion de Nortia Retail en campana de rebajas, con datos del ultimo trimestre.",28823
2026-06-26,Brio Energia,Expansion,"Brio Energia gana cuota en eolica marina, segun fuentes del sector",Brio Energia destaca por su enfoque en eolica marina e inteligencia artificial.,77731
2026-06-03,Brio Energia,El Economista,Brio Energia invierte en hidrogeno verde,Brio Energia destaca por su enfoque en hidrogeno verde e inteligencia artificial.,49326
2026-06-07,Nortia Retail,Business Insider Espana,"Entrevista al CEO de Nortia Retail: ""omnicanalidad es el futuro""","El reportaje analiza la posicion de Nortia Retail en omnicanalidad, con datos del ultimo trimestre.",50756
2026-06-10,Lumora,El Mundo,Lumora y la analitica de flotas,Reportaje sobre flotas y datos de Lumora.,110000
2026-07-07,Brio Energia,Expansion,Brio Energia invierte en energia renovable,Brio Energia destaca por su enfoque en energia renovable e inteligencia artificial.,89895
2026-07-08,Velfy,Europa Press,Velfy anuncia novedades en pagos digitales,La compania Velfy ha comunicado avances en pagos digitales.,70.000
2026-06-01,Brio Energia,La Razon,Brio Energia crece en hidrogeno verde,Brio Energia destaca por su enfoque en hidrogeno verde e inteligencia artificial.,
2026-05-05,Velfy,El Confidencial,Velfy apuesta por fintech,"Segun el articulo, Velfy continua su expansion en fintech.",59885
2026-05-13,Lumora,La Razon,Lumora apuesta por vehiculo electrico,Fuentes cercanas a Lumora confirman movimientos en vehiculo electrico.,40982
2026-06-17,Velfy,El Mundo,Velfy gana cuota en fintech,La compania Velfy ha comunicado avances en fintech.,90214
2026-06-13,,Business Insider Espana,El sector debate sobre inteligencia artificial,Reportaje general sobre inteligencia artificial.,45000
2026-05-12,Velfy,Business Insider Espana,Velfy cierra un acuerdo en pagos digitales,Velfy destaca por su enfoque en pagos digitales e inteligencia artificial.,26127
2026-06-19,Nortia Retail,Europa Press,"Nortia Retail refuerza su estrategia de comercio electronico, segun fuentes del sector",Fuentes cercanas a Nortia Retail confirman movimientos en comercio electronico.,70487
2026-06-01,Brio Energia,El Mundo,Brio Energia refuerza su compromiso con la sostenibilidad,Fuentes cercanas a Brio Energia confirman movimientos en energia renovable.,141545
2026-06-02,Velfy,El Economista,Velfy apuesta por app de finanzas,Fuentes cercanas a Velfy confirman movimientos en app de finanzas.,64886
2026-07-06,Lumora,El Confidencial,Lumora refuerza su compromiso con la sostenibilidad,"Segun el articulo, Lumora continua su expansion en vehiculo electrico.",85188
2026-06-20,Brio Energia,Cinco Dias,"Brio Energia anuncia novedades en energia renovable, segun fuentes del sector","El reportaje analiza la posicion de Brio Energia en energia renovable, con datos del ultimo trimestre.",32010
2026-05-20,Lumora,La Vanguardia,Lumora gana cuota en movilidad electrica,"Segun el articulo, Lumora continua su expansion en movilidad electrica.",-
2026-07-23,Lumora,El Economista,Lumora cierra un acuerdo en puntos de recarga,La compania Lumora ha comunicado avances en puntos de recarga.,65192
2026-06-18,Lumora,Xataka,"Lumora anuncia novedades en puntos de recarga, segun fuentes del sector","El reportaje analiza la posicion de Lumora en puntos de recarga, con datos del ultimo trimestre.",88263
2026-06-26,Velfy,La Vanguardia,Velfy apuesta por fintech,Fuentes cercanas a Velfy confirman movimientos en fintech.,66562
2026-05-06,Nortia Retail,elDiario.es,Nortia Retail refuerza su compromiso con la sostenibilidad,"El reportaje analiza la posicion de Nortia Retail en logistica de ultima milla, con datos del ultimo trimestre.",69089
2026-07-20,Lumora,Forbes Espana,Lumora crece en vehiculo electrico,"El reportaje analiza la posicion de Lumora en vehiculo electrico, con datos del ultimo trimestre.",23195
2026-06-25,Velfy,El Confidencial,"Velfy crece en app de finanzas, segun fuentes del sector","El reportaje analiza la posicion de Velfy en app de finanzas, con datos del ultimo trimestre.",60828
2026-07-21,Lumora,Xataka,"Entrevista al CEO de Lumora: ""movilidad electrica es el futuro""",Fuentes cercanas a Lumora confirman movimientos en movilidad electrica.,74751
2026-07-11,Lumora,La Vanguardia,"Entrevista al CEO de Lumora: ""baterias es el futuro""","Segun el articulo, Lumora continua su expansion en baterias.",117534
2026-07-20,Velfy,Europa Press,Velfy presenta su plan de fintech,"El reportaje analiza la posicion de Velfy en fintech, con datos del ultimo trimestre.",76669
2026-05-28,Velfy,Expansion,Velfy invierte en pagos digitales,Fuentes cercanas a Velfy confirman movimientos en pagos digitales.,73761
2026-06-21,Brio Energia,elDiario.es,Brio Energia lidera energia renovable,Fuentes cercanas a Brio Energia confirman movimientos en energia renovable.,78157
2026-05-15,Nortia Retail,elDiario.es,"Entrevista al CEO de Nortia Retail: ""comercio electronico es el futuro""",La compania Nortia Retail ha comunicado avances en comercio electronico.,61819
2026-05-25,Velfy,El Economista,Velfy cierra un acuerdo en criptoactivos,"Segun el articulo, Velfy continua su expansion en criptoactivos.",60891
2026-06-05,Velfy,La Vanguardia,Analisis: el futuro de fintech segun Velfy,La compania Velfy ha comunicado avances en fintech.,100452
2026-06-19,Brio Energia,El Pais,"Entrevista al CEO de Brio Energia: ""parque solar es el futuro""","Segun el articulo, Brio Energia continua su expansion en parque solar.",108954
2026-05-10,Brio Energia,Europa Press,Brio Energia crece en eolica marina,"El reportaje analiza la posicion de Brio Energia en eolica marina, con datos del ultimo trimestre.",30815
2026-07-19,Velfy,La Razon,"Nortia Retail: ""somos lideres"", dice su CEO; el sector, expectante","La empresa, con sede en Madrid, crece; segun fuentes, un 20%.",40000
2026-05-01,Brio Energia,El Economista,Brio Energia lidera energia renovable,"El reportaje analiza la posicion de Brio Energia en energia renovable, con datos del ultimo trimestre.",64173
2026-07-05,Lumora,20minutos,Lumora apuesta por movilidad electrica,La compania Lumora ha comunicado avances en movilidad electrica.,126630
2026-06-13,Velfy,Business Insider Espana,Velfy anuncia novedades en app de finanzas,"Segun el articulo, Velfy continua su expansion en app de finanzas.",21250
2026-06-09,Velfy,El Economista,Velfy cierra un acuerdo en app de finanzas,La compania Velfy ha comunicado avances en app de finanzas.,2M
2026-07-16,Velfy,Expansion,Velfy crece en fintech,"El reportaje analiza la posicion de Velfy en fintech, con datos del ultimo trimestre.",104443
2026-07-24,Lumora,El Confidencial,Lumora lidera movilidad electrica,Fuentes cercanas a Lumora confirman movimientos en movilidad electrica.,99826
2026-06-02,Nortia Retail,El Economista,Nortia Retail anuncia novedades en omnicanalidad,"El reportaje analiza la posicion de Nortia Retail en omnicanalidad, con datos del ultimo trimestre.",55.000
2026-07-19,Brio Energia,Xataka,Brio Energia crece en eolica marina,Brio Energia destaca por su enfoque en eolica marina e inteligencia artificial.,39851
2026-07-18,Brio Energia,Cinco Dias,Brio Energia anuncia novedades en eolica marina,"Segun el articulo, Brio Energia continua su expansion en eolica marina.",72881
2026-07-18,Lumora,Expansion,Lumora apuesta por puntos de recarga,Fuentes cercanas a Lumora confirman movimientos en puntos de recarga.,48891
2026-06-02,Velfy,Expansion,Velfy refuerza su estrategia de pagos digitales,Fuentes cercanas a Velfy confirman movimientos en pagos digitales.,46851
2026-06-06,Nortia Retail,El Espanol,Nortia Retail apuesta por tiendas fisicas,Nortia Retail destaca por su enfoque en tiendas fisicas e inteligencia artificial.,75879
2026-07-26,Lumora,El Espanol,"Entrevista al CEO de Lumora: ""baterias es el futuro""",La compania Lumora ha comunicado avances en baterias.,52172
2026-07-06,Lumora,Europa Press,Lumora gana cuota en baterias,"Segun el articulo, Lumora continua su expansion en baterias.",80314
2026-07-24,Lumora,Business Insider Espana,Lumora presenta su plan de baterias,"Segun el articulo, Lumora continua su expansion en baterias.",40050
2026-07-19,Brio Energia,Business Insider Espana,Brio Energia invierte en eolica marina,"El reportaje analiza la posicion de Brio Energia en eolica marina, con datos del ultimo trimestre.",44041
2026-06-27,Velfy,El Mundo,"Entrevista al CEO de Velfy: ""ronda de financiacion es el futuro""",La compania Velfy ha comunicado avances en ronda de financiacion.,97778
2026-07-28,Velfy,La Razon,"Entrevista al CEO de Velfy: ""criptoactivos es el futuro""",La compania Velfy ha comunicado avances en criptoactivos.,33472
2026-05-22,Velfy,Xataka,Analisis: el futuro de fintech segun Velfy,"Segun el articulo, Velfy continua su expansion en fintech.",74404
2026-05-05,Velfy,El Mundo,Velfy invierte en app de finanzas,Velfy destaca por su enfoque en app de finanzas e inteligencia artificial.,121864
2026-05-11,Lumora,El Confidencial,Lumora invierte en baterias,"Segun el articulo, Lumora continua su expansion en baterias.",117585
2026-05-28,Nortia Retail,Business Insider Espana,Nortia Retail anuncia novedades en tiendas fisicas,La compania Nortia Retail ha comunicado avances en tiendas fisicas.,55392
2026-07-19,Nortia Retail,La Vanguardia,Nortia Retail cierra un acuerdo en campana de rebajas,La compania Nortia Retail ha comunicado avances en campana de rebajas.,127894
2026-05-25,Velfy,20minutos,Velfy gana cuota en fintech,Velfy destaca por su enfoque en fintech e inteligencia artificial.,105506
2026-05-18,Brio Energia,El Economista,Brio Energia anuncia novedades en energia renovable,Fuentes cercanas a Brio Energia confirman movimientos en energia renovable.,28715
2026-07-20,Brio Energia,elDiario.es,"Entrevista al CEO de Brio Energia: ""autoconsumo es el futuro""",Fuentes cercanas a Brio Energia confirman movimientos en autoconsumo.,33963
2026-05-03,Nortia Retail,La Razon,Nortia Retail anuncia novedades en logistica de ultima milla,Nortia Retail destaca por su enfoque en logistica de ultima milla e inteligencia artificial.,26648
2026-07-27,Velfy,La Vanguardia,Velfy refuerza su compromiso con la sostenibilidad,"Segun el articulo, Velfy continua su expansion en fintech.",101996
2026-05-08,Nortia Retail,elDiario.es,Nortia Retail crece en comercio electronico,"El reportaje analiza la posicion de Nortia Retail en comercio electronico, con datos del ultimo trimestre.",57680
2026-05-04,Nortia Retail,La Vanguardia,Nortia Retail y la inteligencia artificial en logistica de ultima milla,"Segun el articulo, Nortia Retail continua su expansion en logistica de ultima milla.",99495
2026-05-21,Brio Energia,Expansion,Brio Energia y la inteligencia artificial en autoconsumo,"Segun el articulo, Brio Energia continua su expansion en autoconsumo.",66403
2026-05-07,Velfy,El Pais,Velfy lidera pagos digitales,La compania Velfy ha comunicado avances en pagos digitales.,145469
2026-07-04,Velfy,Expansion,"Entrevista al CEO de Velfy: ""fintech es el futuro""","El reportaje analiza la posicion de Velfy en fintech, con datos del ultimo trimestre.",69602
2026-06-04,Brio Energia,El Espanol,"Brio Energia lidera autoconsumo, segun fuentes del sector",Brio Energia destaca por su enfoque en autoconsumo e inteligencia artificial.,92914
2026-07-26,Lumora,elDiario.es,Lumora apuesta por puntos de recarga,Lumora destaca por su enfoque en puntos de recarga e inteligencia artificial.,45379
2026-05-16,Lumora,El Economista,Analisis: el futuro de baterias segun Lumora,"Segun el articulo, Lumora continua su expansion en baterias.",31833
2026-06-25,Velfy,El Espanol,Velfy invierte en ronda de financiacion,La compania Velfy ha comunicado avances en ronda de financiacion.,52839
2026-05-21,Lumora,ABC,Lumora y la inteligencia artificial en movilidad electrica,Fuentes cercanas a Lumora confirman movimientos en movilidad electrica.,59636
2026-06-07,Lumora,El Pais,Lumora anuncia novedades en movilidad electrica,Fuentes cercanas a Lumora confirman movimientos en movilidad electrica.,138176
2026-06-25,Lumora,El Economista,Lumora anuncia novedades en flotas,La compania Lumora ha comunicado avances en flotas.,48883
2026-05-26,Brio Energia,El Mundo,Brio Energia y la inteligencia artificial en parque solar,"Segun el articulo, Brio Energia continua su expansion en parque solar.",63079
2026-05-27,Velfy,Europa Press,Analisis: el futuro de criptoactivos segun Velfy,"Segun el articulo, Velfy continua su expansion en criptoactivos.",87975
2026-06-10,Velfy,El Espanol,Velfy presenta su plan de fintech,"El reportaje analiza la posicion de Velfy en fintech, con datos del ultimo trimestre.",79604
2026-05-21,Brio Energia,La Vanguardia,Brio Energia refuerza su compromiso con la sostenibilidad,"Segun el articulo, Brio Energia continua su expansion en eolica marina.",88971
2026-06-28,Velfy,elDiario.es,Velfy crece en pagos digitales,"El reportaje analiza la posicion de Velfy en pagos digitales, con datos del ultimo trimestre.",64922
2026-06-09,Velfy,El Espanol,Velfy lidera pagos digitales,"El reportaje analiza la posicion de Velfy en pagos digitales, con datos del ultimo trimestre.",78852
2026-07-15,Lumora,La Vanguardia,Lumora gana cuota en baterias,"Segun el articulo, Lumora continua su expansion en baterias.",59311
2026-05-28,Lumora,El Pais,Lumora refuerza su estrategia de puntos de recarga,"Segun el articulo, Lumora continua su expansion en puntos de recarga.",65062
2026-06-28,Velfy,El Pais,Velfy invierte en pagos digitales,"El reportaje analiza la posicion de Velfy en pagos digitales, con datos del ultimo trimestre.",98774
2026-07-21,Velfy,Forbes Espana,Velfy invierte en ronda de financiacion,"Segun el articulo, Velfy continua su expansion en ronda de financiacion.",53281
2026-06-19,Brio Energia,elDiario.es,Brio Energia apuesta por autoconsumo,"Segun el articulo, Brio Energia continua su expansion en autoconsumo.",62330
2026-06-23,Nortia Retail,20minutos,Nortia Retail gana cuota en comercio electronico,Fuentes cercanas a Nortia Retail confirman movimientos en comercio electronico.,149239
2026-05-14,Brio Energia,El Pais,Analisis: el futuro de autoconsumo segun Brio Energia,"El reportaje analiza la posicion de Brio Energia en autoconsumo, con datos del ultimo trimestre.",62464
2026-07-18,Nortia Retail,El Confidencial,Nortia Retail apuesta por campana de rebajas,Fuentes cercanas a Nortia Retail confirman movimientos en campana de rebajas.,109251
2026-06-05,Lumora,20minutos,Lumora refuerza su estrategia de baterias,Fuentes cercanas a Lumora confirman movimientos en baterias.,166175
2026-06-01,Velfy,El Espanol,Velfy gana cuota en criptoactivos,Fuentes cercanas a Velfy confirman movimientos en criptoactivos.,72803
2026-06-21,Brio Energia,El Pais,Brio Energia cierra un acuerdo en hidrogeno verde,Fuentes cercanas a Brio Energia confirman movimientos en hidrogeno verde.,106922
2026-07-07,Velfy,ABC,Velfy apuesta por criptoactivos,"Segun el articulo, Velfy continua su expansion en criptoactivos.",90.000
2026-07-19,Lumora,ABC,Lumora y la inteligencia artificial en vehiculo electrico,Lumora destaca por su enfoque en vehiculo electrico e inteligencia artificial.,74515
2026-06-18,Brio Energia,Forbes Espana,Brio Energia cierra un acuerdo en autoconsumo,"El reportaje analiza la posicion de Brio Energia en autoconsumo, con datos del ultimo trimestre.",62016
2026-07-11,Nortia Retail,La Razon,Nortia Retail refuerza su estrategia de logistica de ultima milla,Fuentes cercanas a Nortia Retail confirman movimientos en logistica de ultima milla.,45825
2026-05-16,Nortia Retail,Expansion,Nortia Retail gana cuota en comercio electronico,Fuentes cercanas a Nortia Retail confirman movimientos en comercio electronico.,80762
2026-07-09,Lumora,El Mundo,Lumora y la analitica de flotas,Reportaje sobre flotas y datos de Lumora.,110000
2026-06-26,Lumora,El Espanol,Analisis: el futuro de flotas segun Lumora,Lumora destaca por su enfoque en flotas e inteligencia artificial.,59055
2026-06-21,Lumora,El Mundo,Lumora y la analitica de flotas,Reportaje sobre flotas y datos de Lumora.,110000
2026-06-24,Lumora,elDiario.es,Lumora anuncia novedades en flotas,La compania Lumora ha comunicado avances en flotas.,72006
2026-07-10,Nortia Retail,El Economista,Nortia Retail presenta su plan de omnicanalidad,"Segun el articulo, Nortia Retail continua su expansion en omnicanalidad.",63662
2026-07-13,Velfy,El Espanol,Velfy refuerza su compromiso con la sostenibilidad,"El reportaje analiza la posicion de Velfy en criptoactivos, con datos del ultimo trimestre.",69622
2026-06-04,Brio Energia,ABC,Brio Energia presenta su plan de hidrogeno verde,"El reportaje analiza la posicion de Brio Energia en hidrogeno verde, con datos del ultimo trimestre.",95615
2026-07-07,Brio Energia,Xataka,Brio Energia anuncia novedades en energia renovable,Fuentes cercanas a Brio Energia confirman movimientos en energia renovable.,51726
2026-06-07,Brio Energia,La Razon,Brio Energia lidera hidrogeno verde,La compania Brio Energia ha comunicado avances en hidrogeno verde.,49187
2026-06-11,Lumora,El Mundo,"Entrevista al CEO de Lumora: ""flotas es el futuro""",Lumora destaca por su enfoque en flotas e inteligencia artificial.,63510
2026-06-02,Velfy,Business Insider Espana,"Entrevista al CEO de Velfy: ""criptoactivos es el futuro""","El reportaje analiza la posicion de Velfy en criptoactivos, con datos del ultimo trimestre.",1.5M
2026-07-24,Lumora,Cinco Dias,Lumora gana cuota en flotas,"El reportaje analiza la posicion de Lumora en flotas, con datos del ultimo trimestre.",29469
2026-06-03,Brio Energia,La Vanguardia,Analisis: el futuro de parque solar segun Brio Energia,Brio Energia destaca por su enfoque en parque solar e inteligencia artificial.,104219
2026-06-15,Nortia Retail,El Mundo,Nortia Retail apuesta por comercio electronico,La compania Nortia Retail ha comunicado avances en comercio electronico.,99141
2026-05-24,Lumora,Cinco Dias,"Lumora lidera vehiculo electrico, segun fuentes del sector","Segun el articulo, Lumora continua su expansion en vehiculo electrico.",50243
2026-05-07,Lumora,20minutos,Lumora refuerza su compromiso con la sostenibilidad,"Segun el articulo, Lumora continua su expansion en puntos de recarga.",113988
2026-06-04,Velfy,El Espanol,Velfy cierra un acuerdo en fintech,"El reportaje analiza la posicion de Velfy en fintech, con datos del ultimo trimestre.",46011
2026-05-26,Nortia Retail,El Confidencial,Nortia Retail refuerza su estrategia de omnicanalidad,"El reportaje analiza la posicion de Nortia Retail en omnicanalidad, con datos del ultimo trimestre.",111300
2026-07-10,Nortia Retail,Business Insider Espana,Nortia Retail y la inteligencia artificial en comercio electronico,"El reportaje analiza la posicion de Nortia Retail en comercio electronico, con datos del ultimo trimestre.",44294
2026-07-23,Velfy,Business Insider Espana,Velfy y la inteligencia artificial en fintech,Velfy destaca por su enfoque en fintech e inteligencia artificial.,35321
2026-06-23,Velfy,ABC,Velfy anuncia novedades en fintech,"El reportaje analiza la posicion de Velfy en fintech, con datos del ultimo trimestre.",80883
2026-05-13,Velfy,Europa Press,Velfy cierra un acuerdo en criptoactivos,Velfy destaca por su enfoque en criptoactivos e inteligencia artificial.,90408
2026-07-09,Velfy,Europa Press,Analisis: el futuro de app de finanzas segun Velfy,"Segun el articulo, Velfy continua su expansion en app de finanzas.",79694
2026-07-13,Velfy,ABC,Velfy gana cuota en fintech,Fuentes cercanas a Velfy confirman movimientos en fintech.,59938
2026-05-15,Lumora,elDiario.es,Lumora cierra un acuerdo en baterias,Lumora destaca por su enfoque en baterias e inteligencia artificial.,26189
2026-07-15,Nortia Retail,El Confidencial,Nortia Retail lidera comercio electronico,"El reportaje analiza la posicion de Nortia Retail en comercio electronico, con datos del ultimo trimestre.",122729
2026-07-02,Nortia Retail,El Espanol,"Nortia Retail presenta su plan de comercio electronico, segun fuentes del sector",Nortia Retail destaca por su enfoque en comercio electronico e inteligencia artificial.,42290
2026-07-18,Lumora,El Mundo,Lumora y la analitica de flotas,Reportaje sobre flotas y datos de Lumora.,110000
2026-05-05,Brio Energia,Forbes Espana,Brio Energia apuesta por parque solar,Fuentes cercanas a Brio Energia confirman movimientos en parque solar.,42603
2026-05-16,Velfy,El Pais,Velfy apuesta por app de finanzas,Fuentes cercanas a Velfy confirman movimientos en app de finanzas.,139508
2026-06-20,Brio Energia,Europa Press,Brio Energia refuerza su estrategia de hidrogeno verde,Brio Energia destaca por su enfoque en hidrogeno verde e inteligencia artificial.,79345
2026-07-15,Nortia Retail,Europa Press,"Nortia Retail gana cuota en logistica de ultima milla, segun fuentes del sector",La compania Nortia Retail ha comunicado avances en logistica de ultima milla.,35323
2026-05-21,Lumora,Business Insider Espana,Lumora presenta su plan de baterias,La compania Lumora ha comunicado avances en baterias.,850K
2026-05-05,Lumora,Expansion,Lumora apuesta por movilidad electrica,Lumora destaca por su enfoque en movilidad electrica e inteligencia artificial.,49157
2026-07-24,Lumora,ABC,Lumora invierte en movilidad electrica,"El reportaje analiza la posicion de Lumora en movilidad electrica, con datos del ultimo trimestre.",90387
2026-07-24,Brio Energia,Cinco Dias,Brio Energia refuerza su compromiso con la sostenibilidad,La compania Brio Energia ha comunicado avances en parque solar.,76613
2026-07-16,Nortia Retail,Expansion,Nortia Retail apuesta por tiendas fisicas,Nortia Retail destaca por su enfoque en tiendas fisicas e inteligencia artificial.,100869
2026-05-12,Brio Energia,Forbes Espana,"Entrevista al CEO de Brio Energia: ""autoconsumo es el futuro""",Brio Energia destaca por su enfoque en autoconsumo e inteligencia artificial.,31326
2026-07-26,Nortia Retail,el pais,Nortia Retail invierte en tiendas fisicas,La compania Nortia Retail ha comunicado avances en tiendas fisicas.,102551
2026-07-13,Lumora,20minutos,Lumora gana cuota en puntos de recarga,Fuentes cercanas a Lumora confirman movimientos en puntos de recarga.,162293
2026-05-01,Nortia Retail,El Economista,Nortia Retail refuerza su estrategia de comercio electronico,"Segun el articulo, Nortia Retail continua su expansion en comercio electronico.",43831
2026-06-06,Nortia Retail,El Confidencial,Nortia Retail lidera tiendas fisicas,"El reportaje analiza la posicion de Nortia Retail en tiendas fisicas, con datos del ultimo trimestre.",63843
2026-05-21,Velfy,La Vanguardia,Velfy anuncia novedades en fintech,"Segun el articulo, Velfy continua su expansion en fintech.",67254
2026-06-03,Nortia Retail,Cinco Dias,Nortia Retail anuncia novedades en tiendas fisicas,"El reportaje analiza la posicion de Nortia Retail en tiendas fisicas, con datos del ultimo trimestre.",51610
2026-07-19,Nortia Retail,El Espanol,Nortia Retail y la inteligencia artificial en comercio electronico,"El reportaje analiza la posicion de Nortia Retail en comercio electronico, con datos del ultimo trimestre.",50662
2026-06-15,Lumora,Cinco Dias,"Lumora lidera baterias, segun fuentes del sector","El reportaje analiza la posicion de Lumora en baterias, con datos del ultimo trimestre.",51582
2026-05-17,Brio Energia,Expansion,Brio Energia gana cuota en eolica marina,La compania Brio Energia ha comunicado avances en eolica marina.,61676
2026-06-02,Brio Energia,ABC,"Brio Energia presenta su plan de hidrogeno verde, segun fuentes del sector","El reportaje analiza la posicion de Brio Energia en hidrogeno verde, con datos del ultimo trimestre.",93411
2026-05-25,Nortia Retail,El Espanol,Nortia Retail cierra un acuerdo en tiendas fisicas,"Segun el articulo, Nortia Retail continua su expansion en tiendas fisicas.",66310
2026-07-03,Nortia Retail,Expansion,Nortia Retail gana cuota en logistica de ultima milla,Nortia Retail destaca por su enfoque en logistica de ultima milla e inteligencia artificial.,54815
2026-06-20,Lumora,Business Insider Espana,"Lumora cierra un acuerdo clave; firma con un operador, segun El Pais","El acuerdo, valorado en millones, incluye recarga; tambien flotas.",45000
2026-07-14,Lumora,Xataka,Lumora anuncia novedades en movilidad electrica,La compania Lumora ha comunicado avances en movilidad electrica.,101890
2026-07-26,Brio Energia,El Mundo,Analisis: el futuro de parque solar segun Brio Energia,Fuentes cercanas a Brio Energia confirman movimientos en parque solar.,44837
2026-05-28,Nortia Retail,El Espanol,"Entrevista al CEO de Nortia Retail: ""logistica de ultima milla es el futuro""",Fuentes cercanas a Nortia Retail confirman movimientos en logistica de ultima milla.,82349
2026-06-04,Lumora,El Confidencial,Lumora gana cuota en baterias,La compania Lumora ha comunicado avances en baterias.,42082
2026-07-26,Nortia Retail,La Vanguardia,Nortia Retail gana cuota en omnicanalidad,Fuentes cercanas a Nortia Retail confirman movimientos en omnicanalidad.,122765
2026-06-11,Brio Energia,,"Entrevista al CEO de Brio Energia: ""eolica marina es el futuro""",Brio Energia destaca por su enfoque en eolica marina e inteligencia artificial.,30773
2026-06-22,Nortia Retail,El Confidencial,Nortia Retail refuerza su estrategia de tiendas fisicas,La compania Nortia Retail ha comunicado avances en tiendas fisicas.,51179
2026-05-08,Brio Energia,20minutos,Brio Energia crece en hidrogeno verde,"Segun el articulo, Brio Energia continua su expansion en hidrogeno verde.",98245
2026-07-09,Brio Energia,El Economista,"Entrevista al CEO de Brio Energia: ""eolica marina es el futuro""","El reportaje analiza la posicion de Brio Energia en eolica marina, con datos del ultimo trimestre.",45482
2026-07-17,Velfy,El Economista,Velfy presenta su plan de ronda de financiacion,La compania Velfy ha comunicado avances en ronda de financiacion.,32530
2026-06-26,Lumora,ABC,Lumora refuerza su estrategia de puntos de recarga,Fuentes cercanas a Lumora confirman movimientos en puntos de recarga.,59597
2026-05-07,Lumora,El Pais,Lumora presenta su plan de movilidad electrica,"Segun el articulo, Lumora continua su expansion en movilidad electrica.",138636
2026-05-14,Lumora,El Economista,Lumora refuerza su estrategia de puntos de recarga,"El reportaje analiza la posicion de Lumora en puntos de recarga, con datos del ultimo trimestre.",51149
2026-06-26,Nortia Retail,El Confidencial,Nortia Retail presenta su plan de omnicanalidad,"El reportaje analiza la posicion de Nortia Retail en omnicanalidad, con datos del ultimo trimestre.",105063
2026-07-09,Nortia Retail,Business Insider Espana,Nortia Retail gana cuota en logistica de ultima milla,"El reportaje analiza la posicion de Nortia Retail en logistica de ultima milla, con datos del ultimo trimestre.",36612
2026-05-20,Nortia Retail,Cinco Dias,Nortia Retail refuerza su estrategia de campana de rebajas,Fuentes cercanas a Nortia Retail confirman movimientos en campana de rebajas.,47420
2026-06-07,Brio Energia,ABC,Brio Energia anuncia novedades en parque solar,La compania Brio Energia ha comunicado avances en parque solar.,114465
2026-05-09,Nortia Retail,Expansion,Nortia Retail lidera comercio electronico,"El reportaje analiza la posicion de Nortia Retail en comercio electronico, con datos del ultimo trimestre.",n.d.
2026-07-22,Brio Energia,elDiario.es,Brio Energia presenta su plan de hidrogeno verde,Fuentes cercanas a Brio Energia confirman movimientos en hidrogeno verde.,76713
2026-05-02,Velfy,20minutos,Velfy gana cuota en app de finanzas,"El reportaje analiza la posicion de Velfy en app de finanzas, con datos del ultimo trimestre.",116132
2026-06-25,Velfy,La Razon,Velfy lidera ronda de financiacion,La compania Velfy ha comunicado avances en ronda de financiacion.,45281
2026-06-11,Lumora,Business Insider Espana,Lumora presenta su plan de vehiculo electrico,Fuentes cercanas a Lumora confirman movimientos en vehiculo electrico.,34463
2026-05-27,Velfy,El Espanol,Velfy presenta su plan de criptoactivos,"Segun el articulo, Velfy continua su expansion en criptoactivos.",62365
2026-06-17,Brio Energia,20minutos,Brio Energia presenta su plan de eolica marina,Brio Energia destaca por su enfoque en eolica marina e inteligencia artificial.,113712
2026-07-01,Nortia Retail,20minutos,Nortia Retail y la inteligencia artificial en logistica de ultima milla,La compania Nortia Retail ha comunicado avances en logistica de ultima milla.,116613
2026-07-24,Brio Energia,Forbes Espana,Brio Energia anuncia novedades en hidrogeno verde,"El reportaje analiza la posicion de Brio Energia en hidrogeno verde, con datos del ultimo trimestre.",22802
2026-05-17,Nortia Retail,Forbes Espana,Nortia Retail refuerza su estrategia de comercio electronico,"Segun el articulo, Nortia Retail continua su expansion en comercio electronico.",48306
2026-06-22,Lumora,Cinco Dias,Lumora cierra un acuerdo en flotas,"Segun el articulo, Lumora continua su expansion en flotas.",55518
25/06/2026,Brio Energia,Cinco Dias,Analisis: el futuro de parque solar segun Brio Energia,La compania Brio Energia ha comunicado avances en parque solar.,60000
2026-05-17,Brio Energia,Business Insider Espana,Brio Energia anuncia novedades en energia renovable,Fuentes cercanas a Brio Energia confirman movimientos en energia renovable.,34824
2026-06-27,Lumora,El Espanol,Lumora lidera flotas,"El reportaje analiza la posicion de Lumora en flotas, con datos del ultimo trimestre.",53296
2026-07-22,Brio Energia,Xataka,Brio Energia refuerza su estrategia de energia renovable,Fuentes cercanas a Brio Energia confirman movimientos en energia renovable.,59443
2026-05-04,Brio Energia,La Vanguardia,"Brio Energia refuerza su estrategia de autoconsumo, segun fuentes del sector",Brio Energia destaca por su enfoque en autoconsumo e inteligencia artificial.,42332
2026-07-16,Velfy,El Espanol,Velfy presenta su plan de criptoactivos,"El reportaje analiza la posicion de Velfy en criptoactivos, con datos del ultimo trimestre.",47098
2026-05-07,Brio Energia,El Pais,Brio Energia anuncia novedades en energia renovable,"Segun el articulo, Brio Energia continua su expansion en energia renovable.",73127
2026-06-10,Velfy,El Pais,Velfy invierte en app de finanzas,Fuentes cercanas a Velfy confirman movimientos en app de finanzas.,70699
2026-07-08,Lumora,Xataka,Lumora gana cuota en baterias,Lumora destaca por su enfoque en baterias e inteligencia artificial.,47777
2026-07-23,Brio Energia,Europa Press,Analisis: el futuro de autoconsumo segun Brio Energia,Fuentes cercanas a Brio Energia confirman movimientos en autoconsumo.,53041
2026-05-06,Lumora,La Vanguardia,Lumora invierte en flotas,"El reportaje analiza la posicion de Lumora en flotas, con datos del ultimo trimestre.",64594
2026-05-04,Velfy,La Vanguardia,Velfy presenta su plan de criptoactivos,La compania Velfy ha comunicado avances en criptoactivos.,95410
2026-06-15,Nortia Retail,Cinco Dias,Nortia Retail crece en campana de rebajas,"El reportaje analiza la posicion de Nortia Retail en campana de rebajas, con datos del ultimo trimestre.",58094
2026-05-16,Lumora,Europa Press,Lumora invierte en puntos de recarga,"El reportaje analiza la posicion de Lumora en puntos de recarga, con datos del ultimo trimestre.",41363
2026-07-02,Velfy,El Espanol,Velfy lidera pagos digitales,La compania Velfy ha comunicado avances en pagos digitales.,63891
2026-07-04,Lumora,ABC,Lumora presenta su plan de vehiculo electrico,Lumora destaca por su enfoque en vehiculo electrico e inteligencia artificial.,96497
2026-06-10,Brio Energia,El Pais,Brio Energia refuerza su estrategia de eolica marina,Brio Energia destaca por su enfoque en eolica marina e inteligencia artificial.,129375
2026-05-07,Brio Energia,El Confidencial,Brio Energia apuesta por autoconsumo,"Segun el articulo, Brio Energia continua su expansion en autoconsumo.",49637
2026-06-21,Brio Energia,El Mundo,Brio Energia presenta su plan de autoconsumo,"Segun el articulo, Brio Energia continua su expansion en autoconsumo.",49743
2026-07-13,Nortia Retail,El Economista,Nortia Retail lidera omnicanalidad,"Segun el articulo, Nortia Retail continua su expansion en omnicanalidad.",48227
2026-06-04,Velfy,La Razon,Velfy lidera pagos digitales,"El reportaje analiza la posicion de Velfy en pagos digitales, con datos del ultimo trimestre.",48029
2026-07-04,Velfy,La Vanguardia,Velfy refuerza su compromiso con la sostenibilidad,Velfy destaca por su enfoque en fintech e inteligencia artificial.,109428
2026-05-25,Lumora,El Pais,Lumora refuerza su compromiso con la sostenibilidad,"Segun el articulo, Lumora continua su expansion en flotas.",139659
2026-06-03,Lumora,El Pais,Lumora refuerza su estrategia de puntos de recarga,Fuentes cercanas a Lumora confirman movimientos en puntos de recarga.,141107
2026-06-08,Lumora,Cinco Dias,Lumora invierte en baterias,"Segun el articulo, Lumora continua su expansion en baterias.",63578
2026-07-27,Velfy,El Confidencial,Velfy anuncia novedades en fintech,"El reportaje analiza la posicion de Velfy en fintech, con datos del ultimo trimestre.",110627
2026-05-08,Nortia Retail,ABC,"Nortia Retail invierte en comercio electronico, segun fuentes del sector",Fuentes cercanas a Nortia Retail confirman movimientos en comercio electronico.,100020
13/05/2026,Nortia Retail,El Espanol,Nortia Retail refuerza su compromiso con la sostenibilidad,La compania Nortia Retail ha comunicado avances en omnicanalidad.,75000
2026-06-15,Brio Energia,La Vanguardia,Brio Energia crece en energia renovable,"Segun el articulo, Brio Energia continua su expansion en energia renovable.",63706
2026-06-18,Brio Energia,elDiario.es,Analisis: el futuro de energia renovable segun Brio Energia,"El reportaje analiza la posicion de Brio Energia en energia renovable, con datos del ultimo trimestre.",57004
2026-05-03,Velfy,Europa Press,"Velfy presenta su plan de fintech, segun fuentes del sector","El reportaje analiza la posicion de Velfy en fintech, con datos del ultimo trimestre.",60160
2026-06-10,Lumora,El Mundo,Lumora y la analitica de flotas,Reportaje sobre flotas y datos de Lumora.,110000
2026-07-23,Nortia Retail,20minutos,Nortia Retail gana cuota en campana de rebajas,"Segun el articulo, Nortia Retail continua su expansion en campana de rebajas.",83990
2026-05-11,Brio Energia,Cinco Dias,Brio Energia anuncia novedades en eolica marina,"El reportaje analiza la posicion de Brio Energia en eolica marina, con datos del ultimo trimestre.",58686
2026-06-03,Nortia Retail,20minutos,Nortia Retail refuerza su compromiso con la sostenibilidad,Fuentes cercanas a Nortia Retail confirman movimientos en campana de rebajas.,132567
2026-05-28,Nortia Retail,Business Insider Espana,Nortia Retail invierte en campana de rebajas,Nortia Retail destaca por su enfoque en campana de rebajas e inteligencia artificial.,32688
2026-07-14,Lumora,El Espanol,Lumora lidera baterias,"El reportaje analiza la posicion de Lumora en baterias, con datos del ultimo trimestre.",46758
2026-06-03,Lumora,El Pais,Lumora gana cuota en baterias,"Segun el articulo, Lumora continua su expansion en baterias.",79811
2026-05-09,Brio Energia,La Razon,"Brio Energia cierra un acuerdo en autoconsumo, segun fuentes del sector",La compania Brio Energia ha comunicado avances en autoconsumo.,39206
2026-06-06,Brio Energia,El Espanol,Brio Energia anuncia novedades en hidrogeno verde,"El reportaje analiza la posicion de Brio Energia en hidrogeno verde, con datos del ultimo trimestre.",61027
2026-05-14,Velfy,El Espanol,Velfy invierte en pagos digitales,"El reportaje analiza la posicion de Velfy en pagos digitales, con datos del ultimo trimestre.",85677
2026-06-04,Velfy,El Mundo,Velfy anuncia novedades en fintech,"Segun el articulo, Velfy continua su expansion en fintech.",90607
2026-07-28,Lumora,20minutos,Lumora refuerza su compromiso con la sostenibilidad,Lumora destaca por su enfoque en puntos de recarga e inteligencia artificial.,132501
2026-05-08,Velfy,Forbes Espana,Analisis: el futuro de criptoactivos segun Velfy,"Segun el articulo, Velfy continua su expansion en criptoactivos.",32555
2026-05-08,Lumora,La Vanguardia,"Entrevista al CEO de Lumora: ""movilidad electrica es el futuro""",La compania Lumora ha comunicado avances en movilidad electrica.,52558
2026-06-19,Velfy,El Pais,Velfy refuerza su estrategia de pagos digitales,"Segun el articulo, Velfy continua su expansion en pagos digitales.",121153
2026-05-10,Velfy,Forbes Espana,Velfy apuesta por pagos digitales,"Segun el articulo, Velfy continua su expansion en pagos digitales.",38718
2026-07-10,Brio Energia,El Espanol,"Entrevista al CEO de Brio Energia: ""autoconsumo es el futuro""","Segun el articulo, Brio Energia continua su expansion en autoconsumo.",67422
2026-07-07,Nortia Retail,El Confidencial,Nortia Retail crece en logistica de ultima milla,La compania Nortia Retail ha comunicado avances en logistica de ultima milla.,61006
2026-07-27,Lumora,Expansion,Lumora apuesta por puntos de recarga,Fuentes cercanas a Lumora confirman movimientos en puntos de recarga.,
2026-06-01,Nortia Retail,Cinco Dias,Nortia Retail crece en logistica de ultima milla,La compania Nortia Retail ha comunicado avances en logistica de ultima milla.,55768
2026-07-13,Velfy,El Mundo,Velfy presenta su plan de pagos digitales,La compania Velfy ha comunicado avances en pagos digitales.,96355
2026-05-16,Lumora,Expansion,Lumora cierra un acuerdo en baterias,"Segun el articulo, Lumora continua su expansion en baterias.",73700
2026-07-16,Brio Energia,ABC,Brio Energia lidera eolica marina,La compania Brio Energia ha comunicado avances en eolica marina.,100292
2026-05-14,Lumora,El Espanol,Lumora anuncia novedades en baterias,"Segun el articulo, Lumora continua su expansion en baterias.",43463
2026-07-19,Velfy,Forbes Espana,Velfy invierte en criptoactivos,"El reportaje analiza la posicion de Velfy en criptoactivos, con datos del ultimo trimestre.",33490
2026-05-19,Velfy,elDiario.es,Velfy crece en ronda de financiacion,"El reportaje analiza la posicion de Velfy en ronda de financiacion, con datos del ultimo trimestre.",76548
2026-06-13,Lumora,Cinco Dias,Lumora crece en movilidad electrica,"Segun el articulo, Lumora continua su expansion en movilidad electrica.",44367
2026-05-24,Lumora,Business Insider Espana,Lumora lidera flotas,La compania Lumora ha comunicado avances en flotas.,23838
2026-05-26,Velfy,El Confidencial,Velfy invierte en pagos digitales,"Segun el articulo, Velfy continua su expansion en pagos digitales.",64971
2026-05-18,Brio Energia,,Brio Energia refuerza su estrategia de energia renovable,La compania Brio Energia ha comunicado avances en energia renovable.,119921
2026-05-23,Lumora,El Confidencial,Lumora apuesta por flotas,Lumora destaca por su enfoque en flotas e inteligencia artificial.,104047
2026-05-14,Nortia Retail,El Mundo,Nortia Retail apuesta por omnicanalidad,Nortia Retail destaca por su enfoque en omnicanalidad e inteligencia artificial.,93783
2026-05-04,Velfy,El Confidencial,"Velfy crece en criptoactivos, segun fuentes del sector","Segun el articulo, Velfy continua su expansion en criptoactivos.",59191
2026-06-14,Velfy,Xataka,"Velfy y su ronda: 10M, 20 empleados; ""vamos a por Europa""","La ronda, liderada por un fondo, valora la firma; hay mas inversores.",80000
2026-07-11,Velfy,ABC,Velfy cierra un acuerdo en criptoactivos,Velfy destaca por su enfoque en criptoactivos e inteligencia artificial.,52491
2026-06-10,Lumora,El Mundo,Lumora y la analitica de flotas,Reportaje sobre flotas y datos de Lumora.,110000
2026-07-17,Lumora,El Pais,Lumora cierra un acuerdo en puntos de recarga,Fuentes cercanas a Lumora confirman movimientos en puntos de recarga.,110105
2026-06-06,Brio Energia,Business Insider Espana,Brio Energia cierra un acuerdo en eolica marina,La compania Brio Energia ha comunicado avances en eolica marina.,21348
2026-05-26,Velfy,Business Insider Espana,Velfy refuerza su estrategia de ronda de financiacion,La compania Velfy ha comunicado avances en ronda de financiacion.,46366
2026-07-21,Nortia Retail,Xataka,"Entrevista al CEO de Nortia Retail: ""comercio electronico es el futuro""",Nortia Retail destaca por su enfoque en comercio electronico e inteligencia artificial.,89033
2026-05-25,Velfy,Europa Press,Velfy crece en ronda de financiacion,Velfy destaca por su enfoque en ronda de financiacion e inteligencia artificial.,53463
2026-07-07,Velfy,El Pais,Velfy gana cuota en criptoactivos,Velfy destaca por su enfoque en criptoactivos e inteligencia artificial.,57246
2026-06-03,Nortia Retail,El Mundo,Analisis: el futuro de tiendas fisicas segun Nortia Retail,La compania Nortia Retail ha comunicado avances en tiendas fisicas.,108804
2026/05/13,Brio Energia,Business Insider Espana,Brio Energia presenta su plan de autoconsumo,La compania Brio Energia ha comunicado avances en autoconsumo.,45000
2026-06-20,Lumora,El Mundo,Lumora cierra un acuerdo en movilidad electrica,Fuentes cercanas a Lumora confirman movimientos en movilidad electrica.,118146
2026-06-24,Lumora,La Razon,Analisis: el futuro de puntos de recarga segun Lumora,La compania Lumora ha comunicado avances en puntos de recarga.,18801
2026-06-13,Brio Energia,El Confidencial,Brio Energia cierra un acuerdo en eolica marina,Fuentes cercanas a Brio Energia confirman movimientos en eolica marina.,
2026-06-10,Lumora,El Economista,Lumora anuncia novedades en baterias,Fuentes cercanas a Lumora confirman movimientos en baterias.,44490
2026-06-19,Nortia Retail,Business Insider Espana,Nortia Retail cierra un acuerdo en comercio electronico,Fuentes cercanas a Nortia Retail confirman movimientos en comercio electronico.,30115
2026-05-04,Brio Energia,Europa Press,"Brio Energia cierra un acuerdo en hidrogeno verde, segun fuentes del sector",La compania Brio Energia ha comunicado avances en hidrogeno verde.,83253
2026-06-10,Velfy,La Razon,"Entrevista al CEO de Velfy: ""fintech es el futuro""","Segun el articulo, Velfy continua su expansion en fintech.",27812
2026-07-23,Nortia Retail,elDiario.es,Nortia Retail anuncia novedades en logistica de ultima milla,"El reportaje analiza la posicion de Nortia Retail en logistica de ultima milla, con datos del ultimo trimestre.",
2026-07-13,Brio Energia,Forbes Espana,Brio Energia refuerza su estrategia de hidrogeno verde,Brio Energia destaca por su enfoque en hidrogeno verde e inteligencia artificial.,44046
2026-07-08,Velfy,Cinco Dias,Velfy y la inteligencia artificial en fintech,"El reportaje analiza la posicion de Velfy en fintech, con datos del ultimo trimestre.",76293
2026-06-18,Nortia Retail,El Espanol,Nortia Retail refuerza su compromiso con la sostenibilidad,"Segun el articulo, Nortia Retail continua su expansion en comercio electronico.",80495
2026-07-13,Brio Energia,20minutos,Brio Energia gana cuota en eolica marina,La compania Brio Energia ha comunicado avances en eolica marina.,147187
2026-06-17,Brio Energia,20minutos,"Entrevista al CEO de Brio Energia: ""hidrogeno verde es el futuro""",Brio Energia destaca por su enfoque en hidrogeno verde e inteligencia artificial.,122834
2026-05-10,Brio Energia,Expansion,Brio Energia gana cuota en autoconsumo,La compania Brio Energia ha comunicado avances en autoconsumo.,88082
2026-07-16,Velfy,Expansion,Velfy lidera pagos digitales,La compania Velfy ha comunicado avances en pagos digitales.,72468
2026-06-24,Velfy,Xataka,Velfy refuerza su compromiso con la sostenibilidad,"El reportaje analiza la posicion de Velfy en app de finanzas, con datos del ultimo trimestre.",71627
2026-07-14,Nortia Retail,La Vanguardia,Nortia Retail y la inteligencia artificial en omnicanalidad,Nortia Retail destaca por su enfoque en omnicanalidad e inteligencia artificial.,73765
2026-06-16,Lumora,El Confidencial,Lumora refuerza su compromiso con la sostenibilidad,"El reportaje analiza la posicion de Lumora en movilidad electrica, con datos del ultimo trimestre.",88790
2026-06-05,Lumora,El Pais,"Entrevista al CEO de Lumora: ""movilidad electrica es el futuro""",La compania Lumora ha comunicado avances en movilidad electrica.,138994
2026-07-20,Nortia Retail,Expansion,Nortia Retail cierra un acuerdo en tiendas fisicas,Fuentes cercanas a Nortia Retail confirman movimientos en tiendas fisicas.,85.000
2026-06-21,Brio Energia,El Confidencial,Brio Energia gana cuota en autoconsumo,La compania Brio Energia ha comunicado avances en autoconsumo.,45797
2026-05-27,Lumora,La Razon,Lumora gana cuota en puntos de recarga,Fuentes cercanas a Lumora confirman movimientos en puntos de recarga.,29821
2026-06-26,Velfy,Europa Press,Velfy gana cuota en ronda de financiacion,La compania Velfy ha comunicado avances en ronda de financiacion.,41032
2026-06-23,Brio Energia,ABC,"Brio Energia apuesta por energia renovable, segun fuentes del sector","Segun el articulo, Brio Energia continua su expansion en energia renovable.",56755
2026-06-14,Lumora,elDiario.es,Lumora crece en movilidad electrica,La compania Lumora ha comunicado avances en movilidad electrica.,50049
2026-06-07,Velfy,El Espanol,Velfy gana cuota en pagos digitales,La compania Velfy ha comunicado avances en pagos digitales.,95353
2026-07-14,Lumora,El Mundo,"Lumora gana cuota en vehiculo electrico, segun fuentes del sector",Lumora destaca por su enfoque en vehiculo electrico e inteligencia artificial.,103044
2026-07-22,Brio Energia,La Vanguardia,Brio Energia y la inteligencia artificial en hidrogeno verde,"El reportaje analiza la posicion de Brio Energia en hidrogeno verde, con datos del ultimo trimestre.",94993
2026-07-20,Nortia Retail,elDiario.es,"Nortia Retail refuerza su estrategia de comercio electronico, segun fuentes del sector",Fuentes cercanas a Nortia Retail confirman movimientos en comercio electronico.,72258
2026/06/11,Nortia Retail,Europa Press,Nortia Retail gana cuota en campana de rebajas,"El reportaje analiza la posicion de Nortia Retail en campana de rebajas, con datos del ultimo trimestre.",70000
2026-06-12,Lumora,Expansion,"Lumora refuerza su estrategia de baterias, segun fuentes del sector",Lumora destaca por su enfoque en baterias e inteligencia artificial.,62675
2026-07-25,Brio Energia,Forbes Espana,Brio Energia lidera hidrogeno verde,Brio Energia destaca por su enfoque en hidrogeno verde e inteligencia artificial.,
2026-05-18,Lumora,  El Pais ,"Entrevista al CEO de Lumora: ""puntos de recarga es el futuro""",Lumora destaca por su enfoque en puntos de recarga e inteligencia artificial.,68663
2026-05-08,Nortia Retail,La  Razon,Nortia Retail cierra un acuerdo en logistica de ultima milla,"Segun el articulo, Nortia Retail continua su expansion en logistica de ultima milla.",45023
2026-06-02,Brio Energia,Business Insider Espana,Brio Energia crece en autoconsumo,Brio Energia destaca por su enfoque en autoconsumo e inteligencia artificial.,26376
2026-05-01,Nortia Retail,EL MUNDO,Nortia Retail refuerza su estrategia de comercio electronico,Nortia Retail destaca por su enfoque en comercio electronico e inteligencia artificial.,101765
2026-06-17,Lumora,Europa Press,Lumora anuncia novedades en vehiculo electrico,"Segun el articulo, Lumora continua su expansion en vehiculo electrico.",56790
2026-07-02,Lumora,El Confidencial,Lumora refuerza su compromiso con la sostenibilidad,"El reportaje analiza la posicion de Lumora en vehiculo electrico, con datos del ultimo trimestre.",119573
2026-06-14,Nortia Retail,El Confidencial,"Entrevista al CEO de Nortia Retail: ""campana de rebajas es el futuro""","Segun el articulo, Nortia Retail continua su expansion en campana de rebajas.",79522
2026-06-28,Lumora,La Vanguardia,Lumora apuesta por puntos de recarga,"Segun el articulo, Lumora continua su expansion en puntos de recarga.",113505
2026-06-15,Lumora,20minutos,Lumora gana cuota en baterias,"El reportaje analiza la posicion de Lumora en baterias, con datos del ultimo trimestre.",122506
2026-06-11,Velfy,Forbes Espana,Velfy refuerza su compromiso con la sostenibilidad,La compania Velfy ha comunicado avances en app de finanzas.,28296
2026-06-15,Nortia Retail,La Razon,Nortia Retail crece en tiendas fisicas,Nortia Retail destaca por su enfoque en tiendas fisicas e inteligencia artificial.,47710
09/06/2026,Brio Energia,Business Insider Espana,Brio Energia gana cuota en eolica marina,Fuentes cercanas a Brio Energia confirman movimientos en eolica marina.,45000
2026/07/27,Brio Energia,Expansion,Brio Energia y la inteligencia artificial en eolica marina,Brio Energia destaca por su enfoque en eolica marina e inteligencia artificial.,85000
2026-05-12,Nortia Retail,El Espanol,Nortia Retail invierte en campana de rebajas,"El reportaje analiza la posicion de Nortia Retail en campana de rebajas, con datos del ultimo trimestre.",75.000
2026-05-09,Lumora,Cinco Dias,Lumora refuerza su estrategia de flotas,Lumora destaca por su enfoque en flotas e inteligencia artificial.,35650
2026-07-18,Nortia Retail,El Confidencial,Nortia Retail invierte en tiendas fisicas,Nortia Retail destaca por su enfoque en tiendas fisicas e inteligencia artificial.,92575
2026-07-10,Lumora,El Confidencial,Lumora gana cuota en flotas,La compania Lumora ha comunicado avances en flotas.,80655
2026-07-24,Lumora,El Confidencial,"Lumora invierte en vehiculo electrico, segun fuentes del sector",La compania Lumora ha comunicado avances en vehiculo electrico.,95661
2026-06-08,Velfy,El Confidencial,Analisis: el futuro de pagos digitales segun Velfy,"El reportaje analiza la posicion de Velfy en pagos digitales, con datos del ultimo trimestre.",101629
2026-05-14,Nortia Retail,Expansion,Nortia Retail lidera logistica de ultima milla,La compania Nortia Retail ha comunicado avances en logistica de ultima milla.,59267
2026-06-09,Nortia Retail,Forbes Espana,Nortia Retail crece en comercio electronico,Nortia Retail destaca por su enfoque en comercio electronico e inteligencia artificial.,60811
2026-07-04,Lumora,Expansion,"Entrevista al CEO de Lumora: ""flotas es el futuro""",Fuentes cercanas a Lumora confirman movimientos en flotas.,83997
2026-06-04,Velfy,ABC,Analisis: el futuro de fintech segun Velfy,La compania Velfy ha comunicado avances en fintech.,43512
2026-07-20,Nortia Retail,Xataka,Nortia Retail presenta su plan de omnicanalidad,"Segun el articulo, Nortia Retail continua su expansion en omnicanalidad.",77559
2026-05-07,Brio Energia,El Pais,Brio Energia gana cuota en hidrogeno verde,Brio Energia destaca por su enfoque en hidrogeno verde e inteligencia artificial.,55267
2026-05-20,Nortia Retail,El Espanol,Nortia Retail crece en tiendas fisicas,Fuentes cercanas a Nortia Retail confirman movimientos en tiendas fisicas.,71084
2026-05-19,Lumora,Xataka,Lumora apuesta por flotas,Lumora destaca por su enfoque en flotas e inteligencia artificial.,61992
2026-05-10,Nortia Retail,Business Insider Espana,Nortia Retail crece en comercio electronico,"El reportaje analiza la posicion de Nortia Retail en comercio electronico, con datos del ultimo trimestre.",26164
2026/07/26,Velfy,20minutos,Velfy y la inteligencia artificial en ronda de financiacion,"Segun el articulo, Velfy continua su expansion en ronda de financiacion.",130000
2026-05-12,Lumora,elDiario.es,Analisis: el futuro de puntos de recarga segun Lumora,"Segun el articulo, Lumora continua su expansion en puntos de recarga.",38560
2026-05-27,Velfy,Expansion,Analisis: el futuro de app de finanzas segun Velfy,"El reportaje analiza la posicion de Velfy en app de finanzas, con datos del ultimo trimestre.",47364
2026-07-07,Lumora,La Razon,Lumora gana cuota en baterias,Lumora destaca por su enfoque en baterias e inteligencia artificial.,46121
2026-06-02,Velfy,El Mundo,Velfy apuesta por pagos digitales,La compania Velfy ha comunicado avances en pagos digitales.,56549
2026-05-01,Lumora,elDiario.es,Analisis: el futuro de movilidad electrica segun Lumora,Lumora destaca por su enfoque en movilidad electrica e inteligencia artificial.,56970
2026-06-26,Brio Energia,20minutos,Brio Energia y la inteligencia artificial en hidrogeno verde,Fuentes cercanas a Brio Energia confirman movimientos en hidrogeno verde.,N/D
2026-05-08,Brio Energia,El Mundo,Brio Energia invierte en autoconsumo,Brio Energia destaca por su enfoque en autoconsumo e inteligencia artificial.,102659
2026-05-08,Lumora,Europa Press,"Entrevista al CEO de Lumora: ""vehiculo electrico es el futuro""",Lumora destaca por su enfoque en vehiculo electrico e inteligencia artificial.,47238
2026-07-17,Velfy,ABC,Velfy anuncia novedades en ronda de financiacion,La compania Velfy ha comunicado avances en ronda de financiacion.,"1,2M"
2026-06-28,Velfy,20minutos,Velfy lidera pagos digitales,"El reportaje analiza la posicion de Velfy en pagos digitales, con datos del ultimo trimestre.",70428
06/07/2026,Brio Energia,Business Insider Espana,Analisis: el futuro de hidrogeno verde segun Brio Energia,"Segun el articulo, Brio Energia continua su expansion en hidrogeno verde.",45000
2026-06-06,Lumora,Cinco Dias,Lumora apuesta por vehiculo electrico,"El reportaje analiza la posicion de Lumora en vehiculo electrico, con datos del ultimo trimestre.",72528
2026-07-18,Lumora,El Mundo,Lumora y la inteligencia artificial en movilidad electrica,"Segun el articulo, Lumora continua su expansion en movilidad electrica.",900k
2026-06-15,Nortia Retail,Xataka,Nortia Retail anuncia novedades en campana de rebajas,"Segun el articulo, Nortia Retail continua su expansion en campana de rebajas.",87608
01/07/2026,Brio Energia,Expansion,Brio Energia anuncia novedades en parque solar,Fuentes cercanas a Brio Energia confirman movimientos en parque solar.,85000
5 de junio de 2026,Brio Energia,elDiario.es,"Brio Energia presenta su plan de parque solar, segun fuentes del sector","Segun el articulo, Brio Energia continua su expansion en parque solar.",65000
2026-06-14,Velfy,El Espanol,Velfy invierte en pagos digitales,Velfy destaca por su enfoque en pagos digitales e inteligencia artificial.,sin datos
2026-07-22,Lumora,La Razon,"Entrevista al CEO de Lumora: ""vehiculo electrico es el futuro""",La compania Lumora ha comunicado avances en vehiculo electrico.,30428
2026-05-05,Brio Energia,Cinco Dias,Brio Energia refuerza su estrategia de parque solar,"El reportaje analiza la posicion de Brio Energia en parque solar, con datos del ultimo trimestre.",64632
2026-06-13,Velfy,Cinco Dias,"Entrevista al CEO de Velfy: ""app de finanzas es el futuro""","El reportaje analiza la posicion de Velfy en app de finanzas, con datos del ultimo trimestre.",48785
2026-05-11,Brio Energia,El Mundo,Analisis: el futuro de autoconsumo segun Brio Energia,Fuentes cercanas a Brio Energia confirman movimientos en autoconsumo.,103114
2026-06-08,Nortia Retail,Forbes Espana,Nortia Retail apuesta por campana de rebajas,Fuentes cercanas a Nortia Retail confirman movimientos en campana de rebajas.,26640
2026-07-24,Lumora,Xataka,Lumora cierra un acuerdo en puntos de recarga,Fuentes cercanas a Lumora confirman movimientos en puntos de recarga.,49102
2026-06-23,Brio Energia,Cinco Dias,Brio Energia presenta su plan de hidrogeno verde,La compania Brio Energia ha comunicado avances en hidrogeno verde.,47624
2026-07-14,Brio Energia,La Vanguardia,Brio Energia refuerza su compromiso con la sostenibilidad,Fuentes cercanas a Brio Energia confirman movimientos en autoconsumo.,94448
2026-05-08,Lumora,Europa Press,Lumora lidera puntos de recarga,Fuentes cercanas a Lumora confirman movimientos en puntos de recarga.,40070
2026-07-04,Velfy,El Espanol,Analisis: el futuro de pagos digitales segun Velfy,La compania Velfy ha comunicado avances en pagos digitales.,42472
2026-06-27,Velfy,El Espanol,Velfy y la inteligencia artificial en pagos digitales,Fuentes cercanas a Velfy confirman movimientos en pagos digitales.,30203
2026-05-11,Nortia Retail,El Mundo,"Nortia Retail cierra un acuerdo en tiendas fisicas, segun fuentes del sector",La compania Nortia Retail ha comunicado avances en tiendas fisicas.,136539
2026-07-03,Lumora,ABC ,Lumora gana cuota en baterias,"El reportaje analiza la posicion de Lumora en baterias, con datos del ultimo trimestre.",76810
2026-05-17,Brio Energia,El Economista,"Brio Energia cierra un acuerdo en parque solar, segun fuentes del sector","El reportaje analiza la posicion de Brio Energia en parque solar, con datos del ultimo trimestre.",29370
2026-07-03,Velfy,Expansion,Velfy cierra un acuerdo en app de finanzas,"Segun el articulo, Velfy continua su expansion en app de finanzas.",51959
2026-07-16,Nortia Retail,Xataka,Nortia Retail anuncia novedades en campana de rebajas,"Segun el articulo, Nortia Retail continua su expansion en campana de rebajas.",103840
2026-07-19,Nortia Retail,La Razon,Nortia Retail refuerza su compromiso con la sostenibilidad,"Segun el articulo, Nortia Retail continua su expansion en omnicanalidad.",36743
2026-07-08,Brio Energia,El Economista,Brio Energia anuncia novedades en autoconsumo,"El reportaje analiza la posicion de Brio Energia en autoconsumo, con datos del ultimo trimestre.",45338
2026-06-15,Nortia Retail,Xataka,Nortia Retail anuncia novedades en campana de rebajas,"El reportaje analiza la posicion de Nortia Retail en campana de rebajas, con datos del ultimo trimestre.",86942
2026-05-24,Lumora,elDiario.es,Lumora anuncia novedades en movilidad electrica,La compania Lumora ha comunicado avances en movilidad electrica.,69219
2026-05-18,Brio Energia,El Economista,Analisis: el futuro de hidrogeno verde segun Brio Energia,"Segun el articulo, Brio Energia continua su expansion en hidrogeno verde.",32551
2026-07-04,Brio Energia,La Vanguardia,Brio Energia cierra un acuerdo en energia renovable,Brio Energia destaca por su enfoque en energia renovable e inteligencia artificial.,80930
2026-05-19,Velfy,,Velfy cierra un acuerdo en criptoactivos,Fuentes cercanas a Velfy confirman movimientos en criptoactivos.,80860
2026-07-19,Brio Energia,La Razon,Brio Energia apuesta por parque solar,La compania Brio Energia ha comunicado avances en parque solar.,36976
2026-05-19,Lumora,La Vanguardia,Lumora crece en puntos de recarga,Lumora destaca por su enfoque en puntos de recarga e inteligencia artificial.,117856
2026-05-28,Lumora,Cinco Dias,Lumora cierra un acuerdo en vehiculo electrico,Fuentes cercanas a Lumora confirman movimientos en vehiculo electrico.,41843
2026-07-10,,20minutos,El sector debate sobre inteligencia artificial,Reportaje general sobre inteligencia artificial.,130000
2026-06-15,Lumora,Expansion,Lumora y la inteligencia artificial en vehiculo electrico,Lumora destaca por su enfoque en vehiculo electrico e inteligencia artificial.,51926
2026-06-01,Brio Energia,Expansion,Brio Energia apuesta por energia renovable,"El reportaje analiza la posicion de Brio Energia en energia renovable, con datos del ultimo trimestre.",58381
2026-07-06,Brio Energia,elDiario.es,Brio Energia crece en energia renovable,La compania Brio Energia ha comunicado avances en energia renovable.,61528
2026-06-26,Nortia Retail,Forbes Espana,Nortia Retail refuerza su compromiso con la sostenibilidad,"El reportaje analiza la posicion de Nortia Retail en campana de rebajas, con datos del ultimo trimestre.",20775
2026-07-22,Nortia Retail,El Economista,"Nortia Retail crece en tiendas fisicas, segun fuentes del sector",La compania Nortia Retail ha comunicado avances en tiendas fisicas.,57777
2026-06-14,Lumora,El Mundo,Lumora y la analitica de flotas,Reportaje sobre flotas y datos de Lumora.,110000
2026-05-25,Lumora,Cinco Dias,Lumora lidera baterias,Lumora destaca por su enfoque en baterias e inteligencia artificial.,37404
2026-06-12,Brio Energia,Cinco Dias,Brio Energia y la inteligencia artificial en eolica marina,"El reportaje analiza la posicion de Brio Energia en eolica marina, con datos del ultimo trimestre.",46050
2026-07-21,Brio Energia,Cinco Dias,"Brio Energia cierra un acuerdo en eolica marina, segun fuentes del sector",La compania Brio Energia ha comunicado avances en eolica marina.,61068
2026-06-25,,Cinco Dias,El sector debate sobre inteligencia artificial,Reportaje general sobre inteligencia artificial.,60000
2026-05-11,Nortia Retail,La Vanguardia,Nortia Retail lidera logistica de ultima milla,La compania Nortia Retail ha comunicado avances en logistica de ultima milla.,100.000
2026-06-02,Nortia Retail,Business Insider Espana,Nortia Retail gana cuota en omnicanalidad,Fuentes cercanas a Nortia Retail confirman movimientos en omnicanalidad.,43022
2026-06-24,Nortia Retail,La Vanguardia,Nortia Retail refuerza su compromiso con la sostenibilidad,Fuentes cercanas a Nortia Retail confirman movimientos en omnicanalidad.,122275
2026-05-08,Nortia Retail,Cinco Dias,Nortia Retail y la inteligencia artificial en tiendas fisicas,Fuentes cercanas a Nortia Retail confirman movimientos en tiendas fisicas.,33385
2026-05-03,Velfy,La Vanguardia,Velfy crece en app de finanzas,"Segun el articulo, Velfy continua su expansion en app de finanzas.",54185
2026-06-11,Velfy,Business Insider Espana,Velfy apuesta por ronda de financiacion,Fuentes cercanas a Velfy confirman movimientos en ronda de financiacion.,41569
2026-07-15,Nortia Retail,elDiario.es,Nortia Retail lidera tiendas fisicas,La compania Nortia Retail ha comunicado avances en tiendas fisicas.,34378
2026-06-20,Nortia Retail,El Economista,Nortia Retail crece en campana de rebajas,"El reportaje analiza la posicion de Nortia Retail en campana de rebajas, con datos del ultimo trimestre.",42201
2026-06-24,Nortia Retail,El Confidencial,Nortia Retail invierte en tiendas fisicas,La compania Nortia Retail ha comunicado avances en tiendas fisicas.,65354
2026-07-08,Nortia Retail,Expansion,Nortia Retail presenta su plan de comercio electronico,La compania Nortia Retail ha comunicado avances en comercio electronico.,93139
2026-06-04,Velfy,Forbes Espana,Velfy invierte en ronda de financiacion,"Segun el articulo, Velfy continua su expansion en ronda de financiacion.",56126
2026-07-14,Brio Energia,Xataka,Brio Energia crece en energia renovable,La compania Brio Energia ha comunicado avances en energia renovable.,51767
2026-06-28,Nortia Retail,La Razon,Nortia Retail invierte en tiendas fisicas,Fuentes cercanas a Nortia Retail confirman movimientos en tiendas fisicas.,41861
2026-07-11,Brio Energia,Europa Press,Analisis: el futuro de energia renovable segun Brio Energia,"El reportaje analiza la posicion de Brio Energia en energia renovable, con datos del ultimo trimestre.",69793
2026-05-18,Nortia Retail,Forbes Espana,Nortia Retail anuncia novedades en omnicanalidad,La compania Nortia Retail ha comunicado avances en omnicanalidad.,64564
2026-07-11,Nortia Retail,El Confidencial,"Nortia Retail invierte en campana de rebajas, segun fuentes del sector","El reportaje analiza la posicion de Nortia Retail en campana de rebajas, con datos del ultimo trimestre.",104306
2026-05-19,Brio Energia,Xataka,Brio Energia anuncia novedades en hidrogeno verde,"Segun el articulo, Brio Energia continua su expansion en hidrogeno verde.",40079
2026-05-28,Nortia Retail,el confidencial ,Nortia Retail anuncia novedades en omnicanalidad,Fuentes cercanas a Nortia Retail confirman movimientos en omnicanalidad.,114498
2026-05-11,Velfy,El Espanol,Velfy gana cuota en pagos digitales,"El reportaje analiza la posicion de Velfy en pagos digitales, con datos del ultimo trimestre.",41601
2026-07-21,Brio Energia,El Confidencial,Brio Energia presenta su plan de energia renovable,Brio Energia destaca por su enfoque en energia renovable e inteligencia artificial.,N/A
2026-07-13,Brio Energia,La Razon,Brio Energia anuncia novedades en eolica marina,"Segun el articulo, Brio Energia continua su expansion en eolica marina.",31229
2026-05-17,Brio Energia,Xataka,"Entrevista al CEO de Brio Energia: ""hidrogeno verde es el futuro""",Fuentes cercanas a Brio Energia confirman movimientos en hidrogeno verde.,88987
2026-06-02,Lumora,20minutos,Lumora apuesta por movilidad electrica,"El reportaje analiza la posicion de Lumora en movilidad electrica, con datos del ultimo trimestre.",119810
2026-07-02,Nortia Retail,Europa Press,Nortia Retail y la inteligencia artificial en logistica de ultima milla,"Segun el articulo, Nortia Retail continua su expansion en logistica de ultima milla.",79989
2026-05-05,Brio Energia,El Mundo,Brio Energia gana cuota en autoconsumo,La compania Brio Energia ha comunicado avances en autoconsumo.,128018
2026-07-07,Velfy,El Economista,Velfy lidera fintech,"Segun el articulo, Velfy continua su expansion en fintech.",37619
2026-05-23,Lumora,,Lumora invierte en flotas,Lumora destaca por su enfoque en flotas e inteligencia artificial.,43911
2026-05-16,Lumora,El Pais,Lumora cierra un acuerdo en vehiculo electrico,"Segun el articulo, Lumora continua su expansion en vehiculo electrico.",150925
2026-05-16,Velfy,Expansion,Velfy lidera pagos digitales,Fuentes cercanas a Velfy confirman movimientos en pagos digitales.,36427
2026-05-01,Velfy,El Economista,Velfy cierra un acuerdo en ronda de financiacion,La compania Velfy ha comunicado avances en ronda de financiacion.,68676
2026-07-20,Lumora,Cinco Dias,Lumora crece en baterias,"El reportaje analiza la posicion de Lumora en baterias, con datos del ultimo trimestre.",66359
2026-05-14,Nortia Retail,Business Insider Espana,Nortia Retail refuerza su estrategia de campana de rebajas,La compania Nortia Retail ha comunicado avances en campana de rebajas.,31726
2026-06-23,Nortia Retail,,Nortia Retail y la inteligencia artificial en comercio electronico,La compania Nortia Retail ha comunicado avances en comercio electronico.,53329
2026-07-21,Nortia Retail,El Espanol,Nortia Retail gana cuota en tiendas fisicas,La compania Nortia Retail ha comunicado avances en tiendas fisicas.,55205
2026-05-20,Nortia Retail,El Mundo,Nortia Retail presenta su plan de logistica de ultima milla,Fuentes cercanas a Nortia Retail confirman movimientos en logistica de ultima milla.,130213
2026-05-06,Nortia Retail,20minutos,Nortia Retail crece en campana de rebajas,"El reportaje analiza la posicion de Nortia Retail en campana de rebajas, con datos del ultimo trimestre.",88805
2026-06-28,Velfy,La Vanguardia,Velfy lidera ronda de financiacion,"El reportaje analiza la posicion de Velfy en ronda de financiacion, con datos del ultimo trimestre.",102656
2026-05-07,Lumora,Business Insider Espana,Analisis: el futuro de puntos de recarga segun Lumora,Lumora destaca por su enfoque en puntos de recarga e inteligencia artificial.,41625
2026-07-22,Brio Energia,El Mundo,"Brio Energia presenta su plan de parque solar, segun fuentes del sector",Fuentes cercanas a Brio Energia confirman movimientos en parque solar.,86781
2026-07-07,Brio Energia,El Pais,Brio Energia apuesta por eolica marina,Brio Energia destaca por su enfoque en eolica marina e inteligencia artificial.,70224
2026-07-24,Nortia Retail,El Pais,Nortia Retail invierte en comercio electronico,"El reportaje analiza la posicion de Nortia Retail en comercio electronico, con datos del ultimo trimestre.",74872
2026-07-11,Velfy,El Pais,Analisis: el futuro de fintech segun Velfy,"Segun el articulo, Velfy continua su expansion en fintech.",100769
2026-06-12,Lumora,El Mundo,Lumora lidera flotas,Fuentes cercanas a Lumora confirman movimientos en flotas.,115520
2026-05-11,Brio Energia,La Razon,Brio Energia presenta su plan de autoconsumo,Fuentes cercanas a Brio Energia confirman movimientos en autoconsumo.,24280
14/06/2026,Brio Energia,El Economista,Analisis: el futuro de eolica marina segun Brio Energia,La compania Brio Energia ha comunicado avances en eolica marina.,55000
2026-05-09,Brio Energia,Business Insider Espana,Brio Energia anuncia novedades en eolica marina,"El reportaje analiza la posicion de Brio Energia en eolica marina, con datos del ultimo trimestre.",23655
2026-06-05,Lumora,La Razon,Lumora y la inteligencia artificial en baterias,"Segun el articulo, Lumora continua su expansion en baterias.",17505
2026-07-14,Lumora,Business Insider Espana,Lumora gana cuota en puntos de recarga,Fuentes cercanas a Lumora confirman movimientos en puntos de recarga.,57248
2026-07-28,Nortia Retail,Xataka,Nortia Retail lidera comercio electronico,"Segun el articulo, Nortia Retail continua su expansion en comercio electronico.",61259
2026-07-22,Nortia Retail,El Confidencial,Analisis: el futuro de omnicanalidad segun Nortia Retail,Fuentes cercanas a Nortia Retail confirman movimientos en omnicanalidad.,76053
2026-07-04,Nortia Retail,Europa Press,Nortia Retail anuncia novedades en logistica de ultima milla,Fuentes cercanas a Nortia Retail confirman movimientos en logistica de ultima milla.,
2026-05-24,Lumora, expansion,Lumora invierte en baterias,"Segun el articulo, Lumora continua su expansion en baterias.",84087
2026-07-09,Velfy,Europa Press,Velfy refuerza su compromiso con la sostenibilidad,La compania Velfy ha comunicado avances en app de finanzas.,51580
2026-06-11,Brio Energia,Forbes Espana,Brio Energia gana cuota en hidrogeno verde,"El reportaje analiza la posicion de Brio Energia en hidrogeno verde, con datos del ultimo trimestre.",44836
2026-05-09,Velfy,Cinco Dias,Velfy lidera fintech,Fuentes cercanas a Velfy confirman movimientos en fintech.,32327
2026-07-26,Velfy,Expansion,"Velfy crece en fintech, segun fuentes del sector","El reportaje analiza la posicion de Velfy en fintech, con datos del ultimo trimestre.",—
2026-05-09,Velfy,El Confidencial,Velfy refuerza su compromiso con la sostenibilidad,"El reportaje analiza la posicion de Velfy en ronda de financiacion, con datos del ultimo trimestre.",113379
2026-07-20,Brio Energia,La Vanguardia,Brio Energia apuesta por energia renovable,Brio Energia destaca por su enfoque en energia renovable e inteligencia artificial.,103065
04/06/2026,Brio Energia,Europa Press,Brio Energia crece en eolica marina,La compania Brio Energia ha comunicado avances en eolica marina.,70000
2026-05-25,Brio Energia,La Vanguardia,Brio Energia y la inteligencia artificial en eolica marina,Brio Energia destaca por su enfoque en eolica marina e inteligencia artificial.,86111
2026-05-10,Nortia Retail,  20minutos,Nortia Retail presenta su plan de logistica de ultima milla,"El reportaje analiza la posicion de Nortia Retail en logistica de ultima milla, con datos del ultimo trimestre.",93682
2026-05-28,Nortia Retail,El Espanol,Nortia Retail refuerza su compromiso con la sostenibilidad,"El reportaje analiza la posicion de Nortia Retail en comercio electronico, con datos del ultimo trimestre.",61771
2026-07-09,Lumora,Xataka,"Entrevista al CEO de Lumora: ""flotas es el futuro""","El reportaje analiza la posicion de Lumora en flotas, con datos del ultimo trimestre.",74973
2026-06-23,Velfy,elDiario.es,Velfy anuncia novedades en criptoactivos,Velfy destaca por su enfoque en criptoactivos e inteligencia artificial.,49533
2026-06-24,Lumora,Expansion,Lumora y la inteligencia artificial en flotas,Lumora destaca por su enfoque en flotas e inteligencia artificial.,58657
2026-06-09,Brio Energia,Forbes Espana,Brio Energia cierra un acuerdo en parque solar,Brio Energia destaca por su enfoque en parque solar e inteligencia artificial.,53829
2026-05-10,Nortia Retail,El Economista,"Nortia Retail refuerza su estrategia de campana de rebajas, segun fuentes del sector","El reportaje analiza la posicion de Nortia Retail en campana de rebajas, con datos del ultimo trimestre.",22334
2026-06-10,Nortia Retail,El Confidencial,Nortia Retail lidera omnicanalidad,Fuentes cercanas a Nortia Retail confirman movimientos en omnicanalidad.,61525
2026-05-26,Nortia Retail,Business Insider Espana,"Entrevista al CEO de Nortia Retail: ""comercio electronico es el futuro""",Nortia Retail destaca por su enfoque en comercio electronico e inteligencia artificial.,54414
2026-05-07,Nortia Retail,El Pais,Nortia Retail y la inteligencia artificial en omnicanalidad,La compania Nortia Retail ha comunicado avances en omnicanalidad.,142519
2026-06-23,Brio Energia,El Mundo,Brio Energia anuncia novedades en autoconsumo,"El reportaje analiza la posicion de Brio Energia en autoconsumo, con datos del ultimo trimestre.",93254
2026-06-06,Nortia Retail,El Espanol,Nortia Retail cierra un acuerdo en comercio electronico,La compania Nortia Retail ha comunicado avances en comercio electronico.,93221
2026-07-26,Velfy,Forbes Espana,Velfy apuesta por app de finanzas,Velfy destaca por su enfoque en app de finanzas e inteligencia artificial.,49884
2026-06-07,Brio Energia,La Razon,Brio Energia apuesta por autoconsumo,La compania Brio Energia ha comunicado avances en autoconsumo.,49746
2026-06-22,Nortia Retail,El Economista,Nortia Retail invierte en logistica de ultima milla,Nortia Retail destaca por su enfoque en logistica de ultima milla e inteligencia artificial.,
2026-05-09,Lumora,Cinco Dias,Lumora refuerza su estrategia de baterias,La compania Lumora ha comunicado avances en baterias.,48263
2026-07-03,Nortia Retail,El Mundo,Nortia Retail apuesta por campana de rebajas,"El reportaje analiza la posicion de Nortia Retail en campana de rebajas, con datos del ultimo trimestre.",98157
2026-06-28,Nortia Retail,20minutos,Nortia Retail invierte en logistica de ultima milla,"El reportaje analiza la posicion de Nortia Retail en logistica de ultima milla, con datos del ultimo trimestre.",88856
2026-07-12,Lumora,elDiario.es,Lumora crece en baterias,Fuentes cercanas a Lumora confirman movimientos en baterias.,30033
2026-06-20,Lumora,Cinco Dias,Analisis: el futuro de puntos de recarga segun Lumora,La compania Lumora ha comunicado avances en puntos de recarga.,77735
24/05/2026,Velfy,La Vanguardia,Analisis: el futuro de app de finanzas segun Velfy,La compania Velfy ha comunicado avances en app de finanzas.,100000
2026-06-11,Nortia Retail,elDiario.es,Analisis: el futuro de campana de rebajas segun Nortia Retail,La compania Nortia Retail ha comunicado avances en campana de rebajas.,35208
2026-06-15,Lumora,Cinco Dias,Lumora presenta su plan de baterias,"Segun el articulo, Lumora continua su expansion en baterias.",59422
2026-07-14,Velfy,El Espanol,Velfy gana cuota en fintech,La compania Velfy ha comunicado avances en fintech.,54665
2026-05-02,Velfy,El Confidencial,Velfy gana cuota en ronda de financiacion,"Segun el articulo, Velfy continua su expansion en ronda de financiacion.",71593
2026-05-03,Velfy,Forbes Espana,Velfy crece en fintech,Velfy destaca por su enfoque en fintech e inteligencia artificial.,22527
2026-07-26,Brio Energia,El Confidencial,Brio Energia cierra un acuerdo en autoconsumo,"Segun el articulo, Brio Energia continua su expansion en autoconsumo.",68123
2026-06-07,Brio Energia,Business Insider Espana,Brio Energia refuerza su estrategia de autoconsumo,Brio Energia destaca por su enfoque en autoconsumo e inteligencia artificial.,36901
2026-05-11,Nortia Retail,ABC,Nortia Retail crece en omnicanalidad,"El reportaje analiza la posicion de Nortia Retail en omnicanalidad, con datos del ultimo trimestre.",98723
2026-06-10,Lumora,La Razon,Lumora refuerza su estrategia de flotas,"Segun el articulo, Lumora continua su expansion en flotas.",50837
2026-07-09,Brio Energia,Business Insider Espana,Brio Energia refuerza su estrategia de parque solar,"El reportaje analiza la posicion de Brio Energia en parque solar, con datos del ultimo trimestre.",50781
2026-06-04,Nortia Retail,ABC,Nortia Retail cierra un acuerdo en tiendas fisicas,"Segun el articulo, Nortia Retail continua su expansion en tiendas fisicas.",80109
